FromParticipantId;Value_settled;Value_input;settled_input_ratio
1;5872280589.559999;14846391139.02;0.3955358938460262
2;9129171929.78;35722271084.78;0.25555967335093704
3;9049364362.53;15832403260.69;0.5715723768228232
4;6061323439.47;9041290598.08;0.6704046699657212
5;7763840573.84;10100496603.77;0.7686592925482648
6;6277423896.75;9969208520.43;0.6296812714756254
7;8741565776.460001;17742889559.99;0.49267994071112997
8;5558848613.59;14355253318.1;0.38723444932741496
