FromParticipantId;Value_settled;Value_input;settled_input_ratio
1;3193531663.97;3193531663.97;1.0
2;2611915197.64;2611915197.64;1.0
3;1637457906.3600001;1637457906.3600001;1.0
4;2250509139.73;2250509139.73;1.0
5;818152703.15;818152703.15;1.0
6;2374171270.24;2374171270.24;1.0
7;1828415401.0900002;1828415401.0900002;1.0
8;2373286770.16;2373286770.16;1.0
