FromParticipantId;Value_settled;Value_input;settled_input_ratio
1;19484996598.6;22183044034.63;0.8783734355024462
2;33577335222.09;36917525955.33;0.9095228987640825
3;28404187075.5;37251156700.25;0.7625048345226115
4;27688037547.03;30037344046.56;0.9217871428349853
5;24012578153.53;26303011080.77;0.912921265165929
6;20946586193.41;24183747959.74;0.8661430903216871
7;25592124160.170002;28395301634.43;0.9012802360633818
8;26613790191.01;32012561692.37;0.8313545928238925
