FromParticipantId;Value_settled;Value_input;settled_input_ratio
1;2913326817.7200003;3980411310.66;0.7319160233309999
2;4237248901.08;5199626632.96;0.8149140698334824
3;5365418493.37;5365418493.37;1.0
4;3135545784.85;3488042036.33;0.898941512800435
5;3245529014.63;3245529014.63;1.0
6;3816130787.39;3816130787.39;1.0
7;3481274206.75;3729063697.17;0.933551821437631
8;2530979818.39;2530979818.39;1.0
