FromParticipantId;Value_settled;Value_input;settled_input_ratio
1;6575916012.45;11736826828.86;0.5602805688740591
2;9610745132.7;28455585884.07;0.3377454666319236
3;5724736864.59;9393094908.73;0.6094622613968688
4;7607620211.79;9568419620.83;0.7950759386877817
5;8211019032.42;9591864570.81;0.8560399254809963
6;6026812033.0;9144030680.62;0.6590979671331723
7;7223708435.57;11930626925.19;0.60547601403226
8;4334592445.82;11437401739.53;0.3789840161720263
