FromParticipantId;Value_settled;Value_input;settled_input_ratio
1;9639722630.88;9967871108.66;0.9670793819259051
2;13079655961.7;14842682737.15;0.881219129542041
3;10673008004.46;10673008004.46;1.0
4;6298034981.19;6945735802.73;0.9067484223506711
5;9971652772.42;11006651553.26;0.9059660628092248
6;7746794919.31;7805944400.83;0.992422507965377
7;11988807542.44;11988807542.44;1.0
8;7197547841.3;8960574616.75;0.8032462368926235
