FromParticipantId;Value_settled;Value_input;settled_input_ratio
1;1919326058.73;1919326058.73;1.0
2;2406550345.58;2406550345.58;1.0
3;2173679178.84;2173679178.84;1.0
4;3076345097.84;3076345097.84;1.0
5;1959794991.96;2084221512.85;0.9403007213375046
6;255709810.60999998;255709810.60999998;1.0
7;1464718321.12;1464718321.12;1.0
8;2565418729.04;2689845249.93;0.9537421266545955
