FromParticipantId;Value_settled;Value_input;settled_input_ratio
1;5998398959.77;9977794268.62;0.6011748486972583
2;4770997297.97;8854546066.47;0.5388189594536755
3;4403998339.59;12793753710.46;0.3442303517215085
4;2926276443.2200003;6665443221.46;0.43902203439354
5;4269266586.48;7789011355.02;0.5481140534900449
6;3524536434.4700003;8865543768.26;0.3975544565115542
7;5367082094.15;14396806686.58;0.3727967049215804
8;5299812241.33;8007879162.17;0.6618247021467093
