FromParticipantId;Value_settled;Value_input;settled_input_ratio
1;16435253038.39;44872160093.71;0.36626837228399506
2;15740022680.76;33847292353.46;0.46503048209559356
3;13654862825.39;31112366145.4;0.43888860016546466
4;13610463482.23;28238334673.64;0.48198534508251767
5;12787397995.21;28687540627.3;0.4457474469958953
6;11670171347.29;25743287571.35;0.45332871005480546
7;17533317729.09;48184909831.6;0.363875698644382
8;9655200837.72;23568073118.08;0.40967289898269676
