FromParticipantId;Value_settled;Value_input;settled_input_ratio
1;3130656343.35;3470886375.29;0.9019760386389563
2;3468315721.17;4660656341.93;0.7441689467569184
3;2955954753.7200003;4115533984.0;0.7182433106400999
4;3598658956.89;5690213377.61;0.6324295273442815
5;3220281027.68;4273794131.65;0.7534946533413703
6;2673923497.57;3549173191.93;0.7533933547255132
7;3292466351.44;3993058784.03;0.8245474283043421
8;2068774262.3600001;2511238683.7200003;0.8238063055382058
