FromParticipantId;Value_settled;Value_input;settled_input_ratio
1;4546575192.93;5477442883.76;0.8300543318142272
2;3806522537.54;4947589412.38;0.7693691250965996
3;5981655649.33;7739843600.5;0.7728393438006396
4;2331009435.97;4440721165.38;0.5249168657880665
5;4094421486.5499997;4980896072.96;0.8220250787358439
6;3406415960.6;7074038286.44;0.48153767659550994
7;3162961298.64;8892752145.87;0.35567856235698103
8;4523561367.08;5741576624.81;0.7878604889697337
