FromParticipantId;Value_settled;Value_input;settled_input_ratio
1;6576313417.39;7489401029.29;0.8780826920164855
2;5338682270.46;9324854629.67;0.5725217692373754
3;6737004336.78;8138737294.0;0.8277702171007069
4;6699001312.2699995;7516710231.35;0.8912145215243796
5;6504817150.47;9722647943.27;0.6690376107850972
6;7309433880.35;9987593351.69;0.73185137029164
7;6131105877.28;7543434240.91;0.8127738217733009
8;3719302580.14;4477455900.6;0.8306731909166533
