FromParticipantId;Value_settled;Value_input;settled_input_ratio
1;5994434127.55;6654399861.36;0.9008226515448504
2;6249433898.77;7881429573.49;0.7929315158496899
3;5687158917.65;6179535671.06;0.9203213995970766
4;6181350427.62;6373194893.9800005;0.9698982269409
5;5109356864.66;6192987296.01;0.825022984941668
6;7321371389.75;7733500208.65;0.9467086302733878
7;8204228686.4;8650808645.77;0.9483770850036817
8;3740993988.32;4507078263.38;0.8300264095069232
