FromParticipantId;Value_settled;Value_input;settled_input_ratio
1;1885841528.12;2449803305.92;0.7697930374911427
2;3373423186.82;4432963945.46;0.7609859291264655
3;4472789416.92;5496249027.62;0.8137894397512078
4;4439676327.94;4439676327.94;1.0
5;3313860862.2799997;4337320472.98;0.7640341272737863
6;2433003159.14;2433003159.14;1.0
7;2565529869.68;3061108850.52;0.8381047505854571
8;2347531372.02;2347531372.02;1.0
