FromParticipantId;Value_settled;Value_input;settled_input_ratio
1;12705103152.13;55765771403.58;0.22782977500987941
2;14371784972.9;139341737319.42;0.10314056110808235
3;14295643333.7;54145343187.22;0.2640235058492384
4;11571524404.91;126293399675.26;0.09162414215362026
5;11293468166.31;129831064798.09;0.0869858703221245
6;15407775700.56;130385547261.38;0.11817088645317791
7;11827340461.68;82691672276.22;0.14302940230997407
8;14585706415.35;61500496850.03;0.23716404195753885
