FromParticipantId;Value_settled;Value_input;settled_input_ratio
1;1854266962.22;2019566837.35;0.9181508271610856
2;3401667695.8599997;3401667695.8599997;1.0
3;2873124774.0;2873124774.0;1.0
4;3198473099.7;3198473099.7;1.0
5;2324346719.66;2324346719.66;1.0
6;3061399689.87;3061399689.87;1.0
7;2042891460.01;2208191335.14;0.9251424129333793
8;2477130720.6;2477130720.6;1.0
