FromParticipantId;Value_settled;Value_input;settled_input_ratio
1;2692057992.68;3084609794.7;0.8727385866781318
2;3206553066.06;4128471814.74;0.7766924929974216
3;1559798349.53;1559798349.53;1.0
4;2406305765.08;4762743107.96;0.5052352626490241
5;1712668294.0800002;1732784991.49;0.9883905403677915
6;2502140320.91;3561612304.54;0.7025302326478692
7;2040880857.07;2435866320.77;0.837846001509992
8;3096247904.37;3096247904.37;1.0
