FromParticipantId;Value_settled;Value_input;settled_input_ratio
1;4744905630.36;5529633292.98;0.8580868529534806
2;2768265445.7599998;3914898302.56;0.7071104360360516
3;5449326320.75;5878925360.4;0.9269255836204783
4;5690788532.64;5882632999.0;0.9673879933708917
5;6413554618.82;7974473996.9;0.8042605219244815
6;6808418242.21;7632675880.01;0.8920093489154003
7;6027879611.78;6474459571.15;0.9310243651284893
8;3588818216.54;3892607115.58;0.9219574721979782
