FromParticipantId;Value_settled;Value_input;settled_input_ratio
1;17656430418.16;20954297544.6;0.842616192720339
2;23894055897.75;27973102766.21;0.8541796774368817
3;25074877815.22;33267395752.4;0.7537373229285923
4;16725935242.25;19336128093.21;0.8650095387050841
5;23842841923.27;25630085185.71;0.9302677595688807
6;19113831071.71;22149842140.14;0.8629330606863272
7;21525711093.9;23865882115.72;0.9019449182530499
8;22133561540.3;24174463738.25;0.9155761128748107
