FromParticipantId;Value_settled;Value_input;settled_input_ratio
1;9589413189.01;72869933432.02;0.1315962940731367
2;17359385590.93;224050293314.33;0.07747986103537814
3;11669469397.2;72938666296.83;0.15999016693985216
4;12818849589.66;214111469819.47;0.0598699808117161
5;16420384103.85;205122769976.16;0.08005149357995911
6;13509165408.6;203460488295.86;0.06639699688991106
7;9400413842.61;126475128235.25;0.07432618550205987
8;10820140596.84;82919456531.5;0.13048976741338836
