FromParticipantId;Value_settled;Value_input;settled_input_ratio
1;6806120863.71;7436988922.53;0.9151715747607455
2;4292903619.73;5720205243.19;0.7504806973212672
3;6825676687.39;6964432056.7699995;0.9800765707456192
4;9207361591.25;9595302319.47;0.9595697232558456
5;7489042987.28;8235475113.09;0.909363805298425
6;7757197582.01;7757197582.01;1.0
7;7959235945.38;8975405538.23;0.8867828769940579
8;5145648686.59;5145648686.59;1.0
