FromParticipantId;Value_settled;Value_input;settled_input_ratio
1;5493099621.49;6337250103.5;0.8667954604562972
2;6327069198.34;6872155607.38;0.9206818878701419
3;8499896656.02;8499896656.02;1.0
4;2809013835.6;4439851784.5;0.6326818938881179
5;3977062002.67;4067538098.34;0.9777565462246256
6;6190967664.93;6349152500.75;0.9750856770566916
7;10338399604.32;11230679509.98;0.9205497846441895
8;6293087343.27;7178307375.29;0.876681230582685
