FromParticipantId;Value_settled;Value_input;settled_input_ratio
1;6688555487.01;7125134310.84;0.938726934148343
2;7979290677.85;17248163746.46;0.46261682084782296
3;7641437369.55;8401798752.49;0.909500167126158
4;6154861637.68;6478712048.45;0.9500131494735162
5;7504945874.22;8373918136.68;0.8962287129780181
6;5079897819.03;7377739593.77;0.6885439306260726
7;5886942208.39;7584895477.57;0.7761401888528096
8;4372659979.41;8993919649.02;0.4861795690921539
