FromParticipantId;Value_settled;Value_input;settled_input_ratio
1;7157576421.12;8451742493.95;0.8468758278240965
2;3933210926.89;4688953659.57;0.8388248663670297
3;6519340702.61;6821432682.5;0.9557142914178425
4;2307485398.85;4861935044.81;0.4746022679412769
5;6512259816.03;8829725113.45;0.7375382282411159
6;2066716191.3999999;3361057782.85;0.614900523860537
7;6011246704.33;8761377761.5;0.6861074671092413
8;5009792901.59;5543655328.49;0.9036984813690763
