FromParticipantId;Value_settled;Value_input;settled_input_ratio
1;5636318339.95;6251858199.63;0.9015428949241956
2;3687250244.79;4675864840.79;0.7885707500833213
3;5520992979.4;5520992979.4;1.0
4;6607879586.61;6991568519.33;0.9451211939553774
5;4773381431.52;6455063042.3;0.7394786697263919
6;5859464765.28;5859464765.28;1.0
7;7700957127.2;9372024541.58;0.821696218680806
8;5703919455.73;5703919455.73;1.0
