FromParticipantId;Value_settled;Value_input;settled_input_ratio
1;4997230007.67;5524308493.03;0.904589237544389
2;5179067748.28;5684917840.84;0.9110189264432261
3;6502552720.31;6502552720.31;1.0
4;7458346588.04;7458346588.04;1.0
5;6478378127.16;7005456612.52;0.9247617229663492
6;7541644349.53;7541644349.53;1.0
7;6428619005.12;6934469097.68;0.927052801673132
8;4961744271.19;4961744271.19;1.0
