FromParticipantId;Value_settled;Value_input;settled_input_ratio
1;6584914199.09;10141993558.52;0.6492721732758547
2;9686310418.63;15053112758.86;0.6434755770316545
3;7338745799.9800005;9341170575.13;0.785634492053783
4;8164649509.42;13226689661.47;0.6172859361177897
