FromParticipantId;Value_settled;Value_input;settled_input_ratio
1;22428223587.19;31648609414.66;0.7086637928806119
2;33610717476.78;68927473363.8;0.4876243946935679
3;24650443970.01;36824692395.16;0.6693998609815921
4;36848631630.75;71001429469.73;0.5189843627931415
5;35091541642.32;70261957968.83;0.4994387098903151
6;45296598882.6;72205154543.35;0.6273319289886037
7;27607243226.43;42815092799.54;0.6448016673860066
8;23140405811.32;31476159266.43;0.7351724718205928
