FromParticipantId;Value_settled;Value_input;settled_input_ratio
1;4144500105.11;5673031773.3;0.7305617649835842
2;4976497323.44;8760807262.44;0.5680409549443711
3;4334591351.53;6683818332.78;0.6485202223811959
