FromParticipantId;Value_settled;Value_input;settled_input_ratio
1;11514052450.0;37727803208.14;0.30518746046458844
2;11461322680.81;98786599318.02;0.11602102673777637
3;13645052795.61;43340288453.61;0.31483530180504476
4;11488127947.91;102948154380.15;0.1115913929402613
5;16037014128.9;102076260919.76;0.15710816583991413
6;13485706799.63;96107949241.28;0.1403183285679522
7;11725596483.72;62623928424.97;0.18723827742247898
8;12517483865.76;44493293046.97;0.28133417440120095
