FromParticipantId;Value_settled;Value_input;settled_input_ratio
1;3790808674.58;6970525454.84;0.5438339905850058
2;7543749550.01;25008345643.58;0.3016492837040817
3;8481267011.37;11402019748.380001;0.7438390038374577
4;5421823710.0;7962789844.73;0.6808949897865655
5;7360304837.97;8954895920.11;0.8219308078657811
6;5192225928.07;8439561427.07;0.6152246148023605
7;7307552901.0;11575570631.55;0.6312909431076141
8;4810751192.32;10550560665.06;0.4559711417281957
