FromParticipantId;Value_settled;Value_input;settled_input_ratio
1;8388584067.93;66456731973.65;0.12622625005478846
2;11002423067.9;169302966445.78;0.06498659355400942
3;13019648333.630001;68995744173.67;0.18870219445503902
4;10032952840.7;168261786958.83;0.05962704320473458
5;13430031676.61;164138368946.55;0.08182140326362909
6;13960661458.98;172100769830.71;0.08111911104588698
7;14498994887.23;109586476521.81;0.1323064245463207
8;11202847017.28;67220658930.18;0.1666577982955515
