FromParticipantId;Value_settled;Value_input;settled_input_ratio
1;4828606507.54;5670028584.67;0.8516017927308259
2;4175824821.54;4526240424.19;0.9225813103569926
3;7255509129.27;7859693089.05;0.9231288101285101
4;3211862544.0499997;5483841776.38;0.58569569929682
5;3582504308.82;4456206152.38;0.8039359460303767
6;4362609064.07;5327307951.61;0.8189143754589122
7;4684131940.88;6984719911.34;0.6706255942024398
8;4554781093.33;5492925925.46;0.8292085411562443
